id,naslov,cena,velikost,prodajalec
5952316,LJ. MOSTE,200000.00,118.60,Kristal nepremiènine d.o.o.
5797965,TACEN,200000.00,122.28,"REMAX Vogal, Nepremièninska družba, d.o.o."
5929181,"LJ. BEŽIGRAD, ZUPANÈIÈEVA JAMA - VELIKA TERASA",200000.00,58.60,Eventum d.o.o.
6054338,"LJ. MOSTE, ZALOG",200000.00,108.30,Rocco nepremiènine d.o.o.
6060505,"VIŽMARJE, GUNCLJE",200000.00,164.00,Mreža nepremiènin d.o.o.
5938232,"LJ. ŠIŠKA, MALGAJEVA 2",200000.00,110.00,Zasebna ponudba
5966303,"ÈRNUÈE, SPODNJE OKROGARJEVA 2",199365.19,99.06,LIN nepremiènine d.o.o.
6034990,"TRNOVO, TRNOVSKA VRATA",199000.00,50.90,"Nepremiènine M8, Lea Kavaliè s.p."
6047368,"LJ. VIÈ, VELIK ATRIJ",199000.00,89.00,Euromark-a d.o.o.
6061555,LJ. BEŽIGRAD,199000.00,90.00,"MA - nepremièninska družba, Marko Aliè s.p."
6054779,"LJ. BEŽIGRAD, TOP LOKACIJA",199000.00,80.00,Zasebna ponudba
6061596,"LJ. BEŽIGRAD, SAVSKO NASELJE",199000.00,89.68,Svet RE d.o.o.
6053927,LJ. CENTER,198500.00,63.60,Bajtiga poslovanje z nepremièninami d.o.o.
6059836,"LJ. BEŽIGRAD, DUNAJSKA C.",198100.00,58.00,ARS-T d.o.o.
6045193,"LJ. ŠIŠKA, SPODNJA",198000.00,87.00,LJUBLJANA NEPREMIÈNINE d.o.o.
6054459,"LJ. CENTER, KERSNIKOVA, NA NOTR. DVORIŠÈU",198000.00,85.00,Svet RE d.o.o.
6061115,"LJ. BEŽIGRAD, ZELENI DVOR_SAVSKA CESTA",198000.00,130.24,COOP nepremiènine d.o.o.
6016744,"LJ. ŠIŠKA, MANJŠI VILA BLOK, GARAŽA",198000.00,74.00,Mreža nepremiènin d.o.o.
5922390,LJ. BEŽIGRAD,198000.00,95.00,"Stoja trade, d.o.o., Ljubljana"
6054016,LJ. MOSTE,197000.00,110.90,LJUBLJANA NEPREMIÈNINE d.o.o.
6056979,"LJ. MOSTE, FUŽINE",197000.00,94.80,MESTO NEPREMIÈNIN d.o.o.
6056945,"LJ. ŠIŠKA, SPODNJA",197000.00,87.00,MESTO NEPREMIÈNIN d.o.o.
6041083,"SP. ŠIŠKA, BLIŽINA CENTRA IN TIVOLIJA",197000.00,97.60,Zasebna ponudba
6048644,"LJ. MOSTE, BLIŽINA ZDRAVSTVENEGA DOMA",197000.00,110.92,"Stoja trade, d.o.o., Ljubljana"
5711219,"LJ. VIÈ, DOLGI MOST",196000.00,77.00,LJUBLJANA NEPREMIÈNINE d.o.o.
6024242,LJ. ŠIŠKA,195000.00,102.30,MESTO NEPREMIÈNIN d.o.o.
6028907,RAKOVNIK,195000.00,98.00,"REMAX Vogal, Nepremièninska družba, d.o.o."
5981645,RUDNIK,195000.00,73.00,LJUBLJANA NEPREMIÈNINE d.o.o.
5926326,LJ. VIÈ,195000.00,140.00,LJUBLJANA NEPREMIÈNINE d.o.o.
6039102,"LJ. BEŽIGRAD, DUNAJSKA CESTA",195000.00,73.60,"Abstract nepremiènine, Igor Kerin s.p."
6060417,"ÈRNUÈE, ÈRNUŠKA GMAJNA",195000.00,105.90,LJUBLJANA NEPREMIÈNINE d.o.o.
6052322,LJ. BEŽIGRAD,195000.00,92.26,"Stoja trade, d.o.o., Ljubljana"
6030022,ŠENTVID,195000.00,112.80,Zasebna ponudba
6049791,"LJ. ŠIŠKA, CELOVŠKI DVORI",193000.00,92.90,"Ornis, nepremiènine, zastopanje in svetovanje d.o.o."
6054156,LJ. BEŽIGRAD,193000.00,60.90,Mreža nepremiènin d.o.o.
6042265,LJ. CENTER,190000.00,44.70,Rocco nepremiènine d.o.o.
5786395,"TACEN, DOBRA LOKACIJA",190000.00,116.50,"REMAX Vogal, Nepremièninska družba, d.o.o."
6054339,"LJ. MOSTE, ZALOG",190000.00,99.50,Rocco nepremiènine d.o.o.
6059643,LJ. VIÈ,190000.00,82.50,LJUBLJANA NEPREMIÈNINE d.o.o.
6009915,"LJ. ŠIŠKA, VODNIKOVA 4 - STARA CERKEV",190000.00,101.00,Zasebna ponudba
5947648,"LJ. BEŽIGRAD, ŽUPANÈIÈEVA JAMA",189900.00,62.00,1.AMS d.o.o.
6017389,LJ. VIÈ,189000.00,73.00,Arcimboldo d.o.o.
6027812,"POLJE, ZALOG",189000.00,116.00,LJUBLJANA NEPREMIÈNINE d.o.o.
6042666,"LJ. BEŽIGRAD, ATRIJ UL. METODA MIKUŽA RAPOVA J",189000.00,62.80,"Visa d.o.o., Ljubljana"
6059894,"LJ. BEŽIGRAD, BLIŽINA PLEÈNIKOVEGA STADIONA",189000.00,108.80,"STAN nepremiènine d.o.o., Ljubljana"
6003339,LJ. BEŽIGRAD,189000.00,108.80,"Stoja trade, d.o.o., Ljubljana"
5990230,"LJ. BEŽIGRAD, MOŽNOST PREDELAVE V 1 SOBNO",188582.93,55.32,"Nepremiènine M8, Lea Kavaliè s.p."
6059796,"LJ. BEŽIGRAD, GLAVARJEVA",187500.00,62.20,Feniks nepremiènine d.o.o.
6057312,LJ. ŠIŠKA,187409.24,62.36,"Stoja trade, d.o.o., Ljubljana"
6055710,RAKOVNIK,187000.00,47.63,Rocco nepremiènine d.o.o.
6059094,"LJ. ŠIŠKA, NASPROTI HALE TIVOLI",186000.00,87.20,ABC nepremiènine d.o.o.
6053894,"LJ. CENTER, TRUBARJEVA CESTA",185000.00,80.00,"REMAX Vogal, Nepremièninska družba, d.o.o."
6057348,"LJ. ŠIŠKA, UL. ANE ZIHERLOVE",185000.00,69.90,"Nepremièninska agencija ""TLORIS"" Miro Toriæ s.p., Poslovna enota"
6059082,"LJ. CENTER, VODMAT - GRABLOVIÈEVA ULICA",185000.00,89.00,Nepremiènine Plus d.o.o.
6061220,"LJ. ŠIŠKA, VILA V BLIŽINI ROŽNIKA",185000.00,103.77,"STAN nepremiènine d.o.o., Ljubljana"
6050974,BROD,185000.00,60.70,Zasebna ponudba
6053573,"LJ. BEŽIGRAD, SAVSKI KAMEN",185000.00,56.00,Zasebna ponudba
6060426,"LJ. BEŽIGRAD, KRŽIÈEVA ULICA",185000.00,83.00,Zasebna ponudba
5988490,"LJ. ŠIŠKA, DRAVLJE",185000.00,100.00,Zasebna ponudba
6052821,"DOLGI MOST, VIÈ",184900.00,135.00,Zasebna ponudba
6036880,LJ. CENTER,183000.00,73.60,"Stoja trade, d.o.o., Ljubljana"
6056353,"RUDNIK, ŠKOFLJICA, KUPEC NE PLAÈA PROVIJE",181950.00,77.70,MESTO NEPREMIÈNIN d.o.o.
5970832,"RUDNIK, BARJANSKA ULICA, TRNOVSKA VRATA",181000.00,54.80,Vilmar nepremiènine d.o.o.
6048875,"LJ. MOSTE, ŠTEPANJSKO NASELJE",180000.00,83.00,MESTO NEPREMIÈNIN d.o.o.
6057775,NOVE JARŠE,180000.00,150.70,Maridom nepremiènine d.o.o.
6059883,BEŽIGRAJSKI DVOR,180000.00,84.10,"Livo d.o.o., PE nepremièninsko posredovanje"
6059878,LJ. MOSTE,180000.00,84.00,"Livo d.o.o., PE nepremièninsko posredovanje"
6060742,LJ. MOSTE,180000.00,84.00,Neptun nepremiènine - Borut Vodopivec s.p.
6061010,"LJ. BEŽIGRAD, KRŽIÈEVA",180000.00,84.10,Feniks nepremiènine d.o.o.
6046575,"BEŽIGRAJSKI DVOR, KRŽIÈEVA ULICA 6",180000.00,84.00,Zasebna ponudba
6060733,"LJ. BEŽIGRAD, MED BEŽIGRAJSKIM DVOROM IN PLAVO LAGUNO",180000.00,84.00,Mreža nepremiènin d.o.o.
6001604,VIŽMARJE,179000.00,372.00,"Rebernik nepremiènine, Samo Rebernik s.p."
6054542,"LJ. ŠIŠKA, BRILEJEVA UL., NAKUP BREZ PROVIZ",179000.00,98.80,"Gratek, Kohne in partner k.d."
6059254,"JARŠE, ZELO LEPO STANOVANJE",179000.00,79.20,MKA nepremiènine d.o.o.
6054170,"ROŽNA DOLINA, NA VIÈU V LJUBLJANI",179000.00,148.00,Zasebna ponudba
6025667,ZG. ŠIŠKA,179000.00,107.10,"Stoja trade, d.o.o., Ljubljana"
6015582,"LJ. VIÈ, LANOVO - ŠKOFLJICA",178950.00,122.90,Nepremiènine Plus d.o.o.
6056349,"RUDNIK, ŠKOFLJICA, KUPEC NE PLAÈA PROVIJE",178950.00,78.50,MESTO NEPREMIÈNIN d.o.o.
6056344,"RUDNIK, ŠKOFLJICA, KUPEC NE PLAÈA PROVIJE",178900.00,78.10,MESTO NEPREMIÈNIN d.o.o.
6056346,"RUDNIK, ŠKOFLJICA, KUPEC NE PLAÈA PROVIJE",178900.00,78.00,MESTO NEPREMIÈNIN d.o.o.
6047550,"LJ. ŠIŠKA, KOSEZE - TERASASTI BLOKI",178000.00,76.81,HDS d.o.o.
6058108,"LJ. ŠIŠKA, KOSEZE",178000.00,76.20,"STAN nepremiènine d.o.o., Ljubljana"
6058696,"LJ. ŠIŠKA, KOSEZE - TERASASTI BLOKI",178000.00,76.81,HDS d.o.o.
6058441,LJ. BEŽIGRAD,178000.00,84.10,Agencia d.o.o.
6058651,"LJ. ŠIŠKA, KOSEZE",178000.00,76.20,"STAN nepremiènine d.o.o., Ljubljana"
6055743,RAKOVNIK,176000.00,47.63,Rocco nepremiènine d.o.o.
6058636,LJ. ŠIŠKA,176000.00,70.90,"INBA, nepremièninska družba, d.o.o."
6044705,"LJ. BEŽIGRAD, PERIÈEVA 7",175000.00,78.00,DARMAL d.o.o.
6046744,"ZUPANÈIÈEVA JAMA, ŠTIHOVA ULICA",175000.00,68.50,Rojal invest d.o.o.
6050745,"LJ. MOSTE, FUŽINE - ATRIJSKO",175000.00,69.60,KU-MI nepremiènine d.o.o.
6021674,"FUŽINE, ATRIJSKO",175000.00,70.00,KU-MI nepremiènine d.o.o.
6054146,"BTC, ŠMARTINSKA CESTA 72, ATRIUM",175000.00,58.80,Apolonij d.o.o.
6055491,"LJ. ŠIŠKA, VIŽMARJE, Z VRTOM",175000.00,84.00,"Erjavec nepremiènine, Erjavec Dušan s.p."
6059816,LJ. ŠIŠKA,175000.00,69.00,Enepremiènine Ana Ocvirk s.p.
6059557,LJ. ŠIŠKA,175000.00,95.60,MKA nepremiènine d.o.o.
6040392,"ŠTEPANJSKO NASELJE, NUSDORFERJEVA",175000.00,76.00,Domart RE d.o.o.
6061060,"LJ. BEŽIGRAD, HERBERSTEINOVA ULICA",174000.00,87.50,Real Go d.o.o.
6050485,"LJ. VIÈ, VRHOVCI",173000.00,95.00,Hiša nepremiènine 1 d.o.o.
6060631,"RUDNIK, KNEZOV ŠTRADON, ATRIJSKO",173000.00,56.50,PREMIER NEPREMIÈNINE posredovanje d.o.o.
6035645,LJ. ŠIŠKA,173000.00,77.00,ABC nepremiènine d.o.o.
6015575,"LJ. VIÈ, LANOVO - ŠKOFLJICA",172500.00,65.30,Nepremiènine Plus d.o.o.
6059771,"LJ. BEŽIGRAD, VOJKOVA, BLIZU LINHARTOVE",172000.00,76.00,"Erjavec nepremiènine, Erjavec Dušan s.p."
6012713,ŠMARTNO POD ŠMARNO GORO,170000.00,96.40,"STAN nepremiènine d.o.o., Ljubljana"
6001232,"LJ. CENTER, FRIŠKOVEC",170000.00,106.00,Arcimboldo d.o.o.
6047211,"LJ. CENTER, TABOR",170000.00,106.00,LJUBLJANA NEPREMIÈNINE d.o.o.
6050227,LJ. BEŽIGRAD,170000.00,114.30,"Advice, d.o.o."
6045389,"KOSEZE, TERASASTI BLOKI, BRATOV UÈAKAR",170000.00,78.10,Damijan Meško s.p.
6059692,"LJ. BEŽIGRAD, BEŽIGRAJSKI DVOR - PERIÈEVA",170000.00,90.00,"JA Invest, d.o.o."
6032030,"TACEN, ODLIÈNA, BLIZU AC IN LPP, ATRIJ",170000.00,114.03,"REMAX Vogal, Nepremièninska družba, d.o.o."
6060808,DRAVLJE,170000.00,80.00,Eventum d.o.o.
5967372,"ÈRNUÈE, SPODNJE OKROGARJEVA 2",169850.00,85.04,LIN nepremiènine d.o.o.
6032283,"LJ. BEŽIGRAD, STANIÈEVA ULICA",169000.00,166.00,"Abstract nepremiènine, Igor Kerin s.p."
5930594,LJ. BEŽIGRAD,169000.00,65.00,LJUBLJANA NEPREMIÈNINE d.o.o.
5936334,LJ. BEŽIGRAD,169000.00,97.80,ABC nepremiènine d.o.o.
6059953,LJ. MOSTE,168500.00,84.60,"STAN nepremiènine d.o.o., Ljubljana"
6059137,LJ. MOSTE,168500.00,84.60,"Panorama 360, Katja Gložanèev s.p."
5634772,"ŠTEPANJSKO NASELJE, NUSDORFERJEVA",167000.00,80.00,"Komfort skupina d.o.o., nepremiènine"
6048689,"ÈRNUÈE, NASELJE SAVSKI BREG",167000.00,66.00,"NIONA, Nina Rangus s.p."
6051211,DOBRUNJE,167000.00,85.00,Moneta Invest d.o.o.
6054023,"LJ. MOSTE, VODMAT",167000.00,67.80,LJUBLJANA NEPREMIÈNINE d.o.o.
6060440,ÈRNUÈE,167000.00,66.00,LJUBLJANA NEPREMIÈNINE d.o.o.
6049890,ÈRNUÈE,167000.00,66.00,Viping d.o.o.
6050636,ŠTEPANJSKO NASELJE,167000.00,86.00,Zasebna ponudba
6048360,"LJ. BEŽIGRAD, LINHARTOVA CESTA",166800.00,81.70,Gradex nepremiènine d.o.o.
5967375,"ÈRNUÈE, SPODNJE OKROGARJEVA 2",166180.00,81.51,LIN nepremiènine d.o.o.
5967374,"ÈRNUÈE, SPODNJE OKROGARJEVA 2",165710.00,81.07,LIN nepremiènine d.o.o.
5991535,RAKOVNIK,165000.00,129.00,"Dom domis, Živa Logar, s.p."
5996627,"LJ. VIÈ, RAKOVNIK",165000.00,125.00,MESTO NEPREMIÈNIN d.o.o.
5952176,"LJ. VIÈ, TRŽAŠKA",165000.00,67.00,"Moja vila, Tina Dolinar s.p."
6023327,"LJ. MOSTE, KAJUHOVA",165000.00,70.70,Pun nepremiènine d.o.o.
6038053,LJ. ŠIŠKA,165000.00,86.00,"Salomon nepremiènine, Anže Nahtigal, s.p."
6044323,"ZG. ŠIŠKA, LJ., ŠIŠENSKA ULICA",165000.00,92.00,"Vlado Babiæ s.p., poslovna enota ATLAS NEPREMIÈNINE"
6045706,"FUŽINE, OSENJAKOVA",165000.00,87.00,Nepremiènine Plus d.o.o.
6041439,KOSEZE,165000.00,92.00,Senon d.o.o.
6039454,"LJ. BEŽIGRAD, BRATOVŠEVA PLOŠÈAD",165000.00,71.20,LJUBLJANA NEPREMIÈNINE d.o.o.
6055819,"LJ. MOSTE, BLIŽINA KC IN KODELJEVEGA",165000.00,63.80,Rocco nepremiènine d.o.o.
6055464,"LJ. BEŽIGRAD, BRATOVŠEVA PLOŠÈAD",165000.00,74.80,MESTO NEPREMIÈNIN d.o.o.
6053078,DRAVLJE,165000.00,76.60,"Nepremièninska agencija ""TLORIS"" Miro Toriæ s.p., Poslovna enota"
6057713,"LJ. CENTER, BLIZU VILE URBANA",165000.00,40.00,MESTO NEPREMIÈNIN d.o.o.
6059075,LJ. BEŽIGRAD,165000.00,69.00,Za nepremiènine d.o.o.
6060413,LJ. MOSTE,165000.00,63.80,"REMAX Vogal, Nepremièninska družba, d.o.o."
6060999,"LJ. BEŽIGRAD, ŠARHOVA ULICA",165000.00,77.20,"Dodoma d.o.o., PE Ljubljana"
6061089,"LJ. BEŽIGRAD, PERIÈEVA ULICA",165000.00,78.00,Mernet d.o.o.
6061279,"SP. ŠIŠKA, ZOFKE KVEDROVE",165000.00,75.00,ARHCOM nepremiènine d.o.o.
6036838,TABOR,165000.00,106.70,Zasebna ponudba
6054209,LJ. CENTER,165000.00,42.40,Atrium nepremiènine d.o.o.
6040711,LJ. BEŽIGRAD,165000.00,77.20,ABC nepremiènine d.o.o.
5967377,"ÈRNUÈE, SPODNJE OKROGARJEVA 2",164910.00,76.84,LIN nepremiènine d.o.o.
6059820,"LJ. BEŽIGRAD, BRATOVŠEVA PLOŠÈAD - RAZGLED",164900.00,74.10,"JA Invest, d.o.o."
5967369,"ÈRNUÈE, SPODNJE OKROGARJEVA 2",163642.63,82.84,LIN nepremiènine d.o.o.
5967381,"ÈRNUÈE, SPODNJE OKROGARJEVA 2",163240.00,74.42,LIN nepremiènine d.o.o.
6054214,LJ. ŠIŠKA,162600.00,84.10,"Stoja trade, d.o.o., Ljubljana"
6058751,"LJ. CENTER, BREG",162500.00,54.00,FIRMA nepremiènine Martinoviæ & Co. k.d.
6053694,LJ. ŠIŠKA,162200.00,91.70,"Stoja trade, d.o.o., Ljubljana"
5990842,"LJ. CENTER, STARA",162000.00,54.00,Zasebna ponudba
5967371,"ÈRNUÈE, SPODNJE OKROGARJEVA 2",161922.81,79.69,LIN nepremiènine d.o.o.
5967367,"ÈRNUÈE, SPODNJE OKROGARJEVA 2",161070.00,81.07,LIN nepremiènine d.o.o.
6052812,"LJ. CENTER, ZRAVEN VILE URBANA SAMOSTOJNI",161000.00,50.00,Zasebna ponudba
6053692,LJ. ŠIŠKA,161000.00,76.50,"Stoja trade, d.o.o., Ljubljana"
6044178,"DOBRUNJE, PODMOLNIK - ZAVRŠJE",160000.00,110.00,"24-ur.eu, Dean Daraboš s.p."
5982626,FUŽINE,160000.00,87.00,Gradex nepremiènine d.o.o.
6031488,"LJ. VIÈ, TRNOVO",160000.00,76.00,"Abstract nepremiènine, Igor Kerin s.p."
5954285,ŠENTVID,160000.00,69.32,LJUBLJANA NEPREMIÈNINE d.o.o.
6051054,"LJ. BEŽIGRAD, REBOLJEVA ULICA",160000.00,78.50,Mernet d.o.o.
6054331,"LJ. MOSTE, ZALOG",160000.00,82.20,Rocco nepremiènine d.o.o.
6060613,"LJ. MOSTE, ŠTEPANJSKO NASELJE",160000.00,64.80,MESTO NEPREMIÈNIN d.o.o.
6050483,LJ. CENTER,160000.00,70.90,"Stoja trade, d.o.o., Ljubljana"
6058421,"ŠTEPANJA VAS, BILEÈANSKA ULICA 5",160000.00,65.00,Zasebna ponudba
5935461,LJ. BEŽIGRAD,160000.00,78.80,Domart RE d.o.o.
6050862,"BROD, SOSESKA OSMICA",159533.00,48.81,Medvešek Pušnik Nepremiènine d.o.o.
6049562,"LJ. MOSTE, FUŽINE, RUSJANOV TRG",159000.00,74.20,Studio modul d.o.o.
6051798,"LJ. BEŽIGRAD, MAROLTOVA UL.",159000.00,77.70,"MA - nepremièninska družba, Marko Aliè s.p."
6031712,DRAVLJE,159000.00,79.80,Optima nepremiènine d.o.o.
6056330,"LJ. CENTER, GRADIŠÈE",159000.00,70.00,ALEA nepremièninska družba d.o.o.
6058042,"LJ. ŠIŠKA, DRAVLJE",159000.00,76.60,MESTO NEPREMIÈNIN d.o.o.
6060947,BROD,159000.00,57.80,Zasebna ponudba
6004359,"LJ. MOSTE, LE STRELJAJ OD CENTRA",159000.00,69.00,Zasebna ponudba
6053693,LJ. ŠIŠKA,158500.00,74.30,"Stoja trade, d.o.o., Ljubljana"
6030279,ÈRNUÈE,158000.00,85.10,LJUBLJANA NEPREMIÈNINE d.o.o.
6044606,LJ. ŠIŠKA,158000.00,79.10,Rocco nepremiènine d.o.o.
6051130,"LJ. BEŽIGRAD, ÈRNUÈE, POLANŠKOVA",158000.00,85.12,Mernet d.o.o.
6040723,ÈRNUÈE,158000.00,85.12,PAK INVEST d.o.o.
6058217,"ZG. ŠIŠKA, CELOVŠKA CESTA, BLIŽINA LPP",157000.00,63.00,Rojal invest d.o.o.
6042145,ÈRNUÈE,157000.00,85.10,"STAN nepremiènine d.o.o., Ljubljana"
6053697,LJ. ŠIŠKA,156700.00,91.70,"Stoja trade, d.o.o., Ljubljana"
6054324,LJ. MOSTE,156000.00,62.70,SKYNEP nepremiènine d.o.o.
6054327,LJ. MOSTE,156000.00,65.50,SKYNEP nepremiènine d.o.o.
6059601,"LJ. ŠIŠKA, NASPROTI KINO",156000.00,82.50,"Lobodas, posredništvo in storitve d.o.o., PE Kostanjevica na Krki"
6059857,"LJ. ŠIŠKA, OBIRSKA ULICA",156000.00,82.00,"Lobodas, posredništvo in storitve d.o.o., PE Kostanjevica na Krki"
6061164,"LJ. CENTER, KOLODVORSKA ULICA",156000.00,56.20,COOP nepremiènine d.o.o.
6060003,"LJ. CENTER, - NOVE POLJANE",156000.00,42.20,Zasebna ponudba
6019975,LJ. CENTER,155000.00,65.70,Agencia d.o.o.
6017955,"LJ. BEŽIGRAD, DUNAJSKA",155000.00,96.50,METROPOLA IN d.o.o.
6043150,"LJ. MOSTE, KODELJEVO",155000.00,69.60,MESTO NEPREMIÈNIN d.o.o.
6022395,"LJ. CENTER, GORNJI TRG",155000.00,65.70,Rocco nepremiènine d.o.o.
6003202,LJ. CENTER,155000.00,65.70,Novi list d.o.o.
6013598,"LJ. ŠIŠKA, GOSPODINJSKA ULICA",155000.00,102.30,"Salomon nepremiènine, Anže Nahtigal, s.p."
6042426,"LJ. MOSTE, KODELJEVO",155000.00,67.50,LJUBLJANA NEPREMIÈNINE d.o.o.
6022573,"TACEN, ODLIÈNA, ATRIJ",155000.00,97.74,"REMAX Vogal, Nepremièninska družba, d.o.o."
6058035,"LJ. CENTER, SLOMŠKOVA ULICA",155000.00,61.63,Nepremiènine in cenitve Mitnica Uroš Jere s.p.
6059139,"LJ. ŠIŠKA, DRAVLJE, BRILEJEVA",155000.00,76.00,Mikljiè-Hribar Company d.o.o.
6059246,LJ. CENTER,155000.00,64.10,Rojal invest d.o.o.
6027950,LJ. CENTER,155000.00,50.90,Mernet d.o.o.
6029452,LJ. CENTER,155000.00,64.00,DVOREC POSREDNIŠKA HIŠA d.o.o.
6061354,"LJ. ŠIŠKA, CELOVŠKA",155000.00,65.10,Makra as Marko Krajner s.p.
5824901,"LJ. CENTER, GORNJI TRG",155000.00,65.00,Zasebna ponudba
6042550,"LJ. MOSTE, KODELJEVO, Z GARAŽO",155000.00,70.00,Mreža nepremiènin d.o.o.
6033218,KODELJEVO,155000.00,69.60,ABC nepremiènine d.o.o.
6012840,"LJ. CENTER, MESTNI TRG",154000.00,45.40,Garant - Gabrijela Smuk s.p.
6053715,"LJ. ŠIŠKA, KINO",154000.00,65.00,Fortuna int. d.o.o.
6053689,LJ. ŠIŠKA,153800.00,72.10,"Stoja trade, d.o.o., Ljubljana"
6051972,"LJ. BEŽIGRAD, ATRIJSKO, GLINŠKOVA PLOŠÈAD",153000.00,60.00,Tanal d.o.o.
6053089,LJ. ŠIŠKA,152100.00,76.50,"Stoja trade, d.o.o., Ljubljana"
6045175,"LJ. BEŽIGRAD, GLINŠKOVA PLOŠÈAD",152000.00,60.20,LJUBLJANA NEPREMIÈNINE d.o.o.
6048752,LJ. BEŽIGRAD,152000.00,66.50,"Stoja trade, d.o.o., Ljubljana"
6055565,ÈRNUÈE,152000.00,66.50,Mreža nepremiènin d.o.o.
6060574,"LJ. BEŽIGRAD, PLAVA LAGUNA",151000.00,58.20,MESTO NEPREMIÈNIN d.o.o.
6010104,TRNOVO,150000.00,53.20,LJUBLJANA NEPREMIÈNINE d.o.o.
5995107,DRAVLJE,150000.00,72.70,LJUBLJANA NEPREMIÈNINE d.o.o.
6049284,DRAVLJE,150000.00,72.60,Roni nepremiènine d.o.o.
6057515,"LJ. BEŽIGRAD, VOJKOVA",150000.00,81.00,"""NOTE"" poslovne storitve Polona Bobera s.p."
6060744,"LJ. ŠIŠKA, Z ATRIJEM",150000.00,62.00,Neptun nepremiènine - Borut Vodopivec s.p.
6013120,"LJ. CENTER, LJUBLJANICA - ŽITNI MOST",150000.00,73.60,"Zaltis, d.o.o., Ljubljana"
6044543,"LJ. BEŽIGRAD, FABIANIJEVA",150000.00,61.30,Kristal nepremiènine d.o.o.
6060684,LJ. BEŽIGRAD,150000.00,45.00,Zasebna ponudba
6023381,"TRNOVO, KOLEZIJA",150000.00,50.00,Zasebna ponudba
6059901,"PRŽAN, 2 KM OD OBVOZNICE, OB GOZDU",149900.00,212.00,Zasebna ponudba
6061582,"LJ. BEŽIGRAD, LUŽIŠKO SRBSKA ULICA 7 NOVO",149900.00,56.00,Proint d.o.o.
5947540,"RUDNIK, KNEZOV ŠTRADON",149600.00,67.00,"Nepremièninska agencija ""TLORIS"" Miro Toriæ s.p., Poslovna enota"
6037585,ŠENTVID,149500.00,147.00,"RE/MAX Premium, Celje, Nepremièninska družba, d.o.o."
5961693,LJ. ŠIŠKA,149000.00,59.40,Inalbea d.o.o.
6027045,"ÈRNUÈE, DUNAJSKA 319",149000.00,79.80,"REMAX Vogal, Nepremièninska družba, d.o.o."
6031139,LJ. ŠIŠKA,149000.00,89.00,DVOREC POSREDNIŠKA HIŠA d.o.o.
6061387,LJ. BEŽIGRAD,149000.00,72.80,"STAN nepremiènine d.o.o., Ljubljana"
6057511,"BS 3, PUHOVA",149000.00,66.10,MKA nepremiènine d.o.o.
6059368,"ŠENTVID, ZVEZDA 12",149000.00,81.00,Heta Asset Resolution d.o.o.
6053691,LJ. ŠIŠKA,148200.00,74.50,"Stoja trade, d.o.o., Ljubljana"
6045634,"LJ. BEŽIGRAD, ÈRNUÈE, SAVSKI BREG",148000.00,62.00,Mikljiè-Hribar Company d.o.o.
6045607,"LJ. BEŽIGRAD, ÈRNUÈE, SAVSKI BREG",148000.00,62.00,Mikljiè-Hribar Company d.o.o.
6057746,"ÈRNUÈE, KOROŠKEGA BATALJONA",148000.00,64.31,K2 finance d.o.o.
6058618,LJ. ŠIŠKA,148000.00,77.40,"STAN nepremiènine d.o.o., Ljubljana"
5953705,LJ. MOSTE,148000.00,75.20,DVOREC POSREDNIŠKA HIŠA d.o.o.
6056832,NOVE JARŠE,148000.00,73.70,MKA nepremiènine d.o.o.
5933331,"LJ. ŠIŠKA, DRAVLJE",147000.00,73.00,Pogodba nepremiènine in pravno svetovanje d.o.o.
5641420,LJ. BEŽIGRAD,146000.00,78.16,Nepremiènine Plus d.o.o.
5996409,"ŠENTVID, SELANOV TRG",146000.00,76.00,NeSta d.o.o.
6054213,LJ. ŠIŠKA,145900.00,76.40,"Stoja trade, d.o.o., Ljubljana"
5967380,"ÈRNUÈE, SPODNJE OKROGARJEVA 2",145850.00,73.08,LIN nepremiènine d.o.o.
6046939,"KODELJEVO, POVŠETOVA ULICA",145000.00,67.15,"HISTAN, posredovanje z nepremièninami Vlasta Šinkovec s.p."
6034821,"LJ. ŠIŠKA, PODUTIK",145000.00,89.40,LJUBLJANA NEPREMIÈNINE d.o.o.
6051490,"LJ. BEŽIGRAD, BLIŽINA FAKULTET - BS3",145000.00,53.17,Realia d.o.o.
6056957,LJ. BEŽIGRAD,145000.00,56.50,MESTO NEPREMIÈNIN d.o.o.
6058474,"KOSEZE, UL. BRATOV UÈAKAR, ATRIJSKO",145000.00,55.40,"Gratek, Kohne in partner k.d."
6059640,"LJ. ŠIŠKA, NASPROTI CELOVŠKIH DVOROV",145000.00,78.00,"Lobodas, posredništvo in storitve d.o.o., PE Kostanjevica na Krki"
6059940,"BEŽIGRAJSKI DVOR, ZUPANÈIÈEVA JAMA",145000.00,51.00,"STANART d.o.o., PE LJUBLJANA"
6048818,"BS 3, BLIŽINA FAKULTET",145000.00,53.17,Zasebna ponudba
6060552,"RAKOVNIK, Z GARAŽO",145000.00,61.10,MKA nepremiènine d.o.o.
6003266,"RUDNIK, DOLENJSKA CESTA",145000.00,52.00,Zasebna ponudba
6050873,LJ. BEŽIGRAD,145000.00,48.00,Zasebna ponudba
5993600,STARA LJ.,145000.00,50.00,Mreža nepremiènin d.o.o.
5967391,"ÈRNUÈE, SPODNJE OKROGARJEVA 2",142280.00,58.10,LIN nepremiènine d.o.o.
6052713,"LJ. BEŽIGRAD, BLIŽINA POP TV",142000.00,57.00,Damijan Meško s.p.
6052496,"LJ. BEŽIGRAD, BLIŽINA POP TV",142000.00,42.60,Damijan Meško s.p.
6058180,"LJ. CENTER, IGRIŠKA ULICA",141600.00,47.20,"Zaltis, d.o.o., Ljubljana"
6014930,ÈRNUÈE,140000.00,45.60,Blok d.o.o.
6033232,"ÈRNUÈE, SAVSKI BREG",140000.00,83.00,Blok d.o.o.
6041364,ÈRNUÈE,140000.00,45.70,"Livo d.o.o., PE nepremièninsko posredovanje"
6012126,"ÈRNUÈE, SAVSKI BREG",140000.00,45.70,Pun nepremiènine d.o.o.
5995287,LJ. BEŽIGRAD,140000.00,45.68,Rešer d.o.o. PE Rešer nepremiènine
6031958,"LJ. BEŽIGRAD, ÈRNUÈE",140000.00,83.00,"Nepremiènine M8, Lea Kavaliè s.p."
6046486,ZG. KAŠELJ,140000.00,54.90,MESTO NEPREMIÈNIN d.o.o.
6058999,"LJ. BEŽIGRAD, SAVSKI BREG",140000.00,45.70,Rojal invest d.o.o.
6060530,"LJ. CENTER, VODMAT",140000.00,70.80,"Nepremièninska agencija ""TLORIS"" Miro Toriæ s.p., Poslovna enota"
5901870,"ÈRNUÈE, LJ. - SAVSKI BREG",140000.00,45.68,Zasebna ponudba
6061613,"ÈRNUÈE, SPODNJE",140000.00,45.70,LJUBLJANA NEPREMIÈNINE d.o.o.
6058910,VIŽMARJE,139900.00,126.00,Zasebna ponudba
6049980,"VIŽMARJE, BLIZU AC PRIKLJUÈKA",139900.00,126.60,Domart RE d.o.o.
5982651,"LJ. BEŽIGRAD, BS3",139000.00,61.30,LJUBLJANA NEPREMIÈNINE d.o.o.
6051859,ÈRNUÈE,139000.00,96.50,Roni nepremiènine d.o.o.
6059782,DOLGI MOST,139000.00,67.20,"INBA, nepremièninska družba, d.o.o."
6055215,"KOSEZE, BLIŽINA KOSEŠKEGA BAJERJA",139000.00,60.10,"Stoja trade, d.o.o., Ljubljana"
6042805,"VRHOVCI, MIRNA LOKACIJA V ZELENJU",139000.00,90.36,Zasebna ponudba
6016900,"LJ. VIÈ, DOLGI MOST",139000.00,67.00,Zasebna ponudba
6037555,"LJ. BEŽIGRAD, BLIZU CENTRA IN AC, LPP, PRILIKA",138900.00,179.80,"REMAX Vogal, Nepremièninska družba, d.o.o."
6054775,LJ. ŠIŠKA,138500.00,74.90,"Stoja trade, d.o.o., Ljubljana"
6050857,"LJ. VIÈ, TRNOVSKO PREDMESTJE, MURGLE",138000.00,51.00,ALEA nepremièninska družba d.o.o.
6056978,LJ. BEŽIGRAD,138000.00,50.50,MESTO NEPREMIÈNIN d.o.o.
6048735,ÈRNUÈE,137000.00,45.70,Agencia d.o.o.
6058103,ÈRNUÈE,137000.00,45.68,"MA - nepremièninska družba, Marko Aliè s.p."
6050234,BS 3,137000.00,56.40,Media nepremiènine d.o.o.
6060618,"BS 3, BEŽIGRAD BLIŽINA EKON - FAKULTET",137000.00,56.40,"STAN nepremiènine d.o.o., Ljubljana"
6045657,LJ. BEŽIGRAD,137000.00,57.00,"Dominos d.o.o., PE Ljubljana"
6050861,"BROD, SOSESKA OSMICA",136424.00,41.29,Medvešek Pušnik Nepremiènine d.o.o.
6033361,"BROD, SOSESKA OSMICA",136424.00,41.29,Medvešek Pušnik Nepremiènine d.o.o.
6035703,RUDNIK,136000.00,75.80,ABC nepremiènine d.o.o.
6054216,LJ. ŠIŠKA,135800.00,72.10,"Stoja trade, d.o.o., Ljubljana"
6045723,"LJ. ŠIŠKA, - VIŽMARJE",135000.00,112.00,"REMAX Vogal, Nepremièninska družba, d.o.o."
6016178,"LJ. MOSTE, OB KAJUHOVI",135000.00,67.00,Agencija Jakkra-n d.o.o.
6058047,"LJ. MOSTE, KAJUHOVA",135000.00,69.10,Optima nepremiènine d.o.o.
6059562,"DOLGI MOST, UL. BORCA PETRA",135000.00,63.20,Nepremiènine Plus d.o.o.
6060491,BRINJE,135000.00,56.90,Agencija Jakkra-n d.o.o.
6061098,"LJ. BEŽIGRAD, GLINŠKOVA PLOŠÈAD",135000.00,49.10,"Nepremièninska agencija ""TLORIS"" Miro Toriæ s.p., Poslovna enota"
6061539,RAKOVNIK,135000.00,61.10,MKA nepremiènine d.o.o.
6061550,LJ. BEŽIGRAD,135000.00,51.10,MESTO NEPREMIÈNIN d.o.o.
6018630,LJ. MOSTE,135000.00,75.00,Zasebna ponudba
6042913,"VIŽMARJE, ŠIŠKA",135000.00,112.00,Zasebna ponudba
6052213,DOLGI MOST,135000.00,44.70,"RECONSULT d.o.o., PE RCN, RECONSULT NEPREMIÈNINE"
6054999,LJ. VIÈ,134000.00,65.40,Rocco nepremiènine d.o.o.
6060407,ZG. ŠIŠKA,134000.00,59.00,N-invest d.o.o.
5995412,"LJ. VIÈ, DOLGI MOST",133000.00,55.80,LJUBLJANA NEPREMIÈNINE d.o.o.
6034510,LJ. VIÈ,133000.00,56.00,Neptun nepremiènine - Borut Vodopivec s.p.
6054681,"LJ. VIÈ, KUPEC NE PLAÈA PROVIZIJE",133000.00,55.80,"Agenti Celje, AŽ&MB Nerad d.o.o."
6060554,"ZG. ŠIŠKA, LJUBELJSKA CESTA",133000.00,58.90,Mreža nepremiènin d.o.o.
6060669,"ZG. ŠIŠKA, LJUBELJSKA CESTA",133000.00,58.90,Mreža nepremiènin d.o.o.
6059667,"LJ. MOSTE, FUŽINE",132000.00,57.10,MESTO NEPREMIÈNIN d.o.o.
6059863,"FUŽINE, BRODARJEV TRG",132000.00,60.50,Vehovar nepremiènine d.o.o.
6053031,"VIŽMARJE, TACENSKA CESTA",132000.00,54.06,SINEP družba za investiranje d.o.o.
6060558,"FUŽINE, RUSJANOV TRG",132000.00,58.80,Feniks nepremiènine d.o.o.
6060589,LJ. CENTER,132000.00,52.40,Inalbea d.o.o.
6053346,FUŽINE,132000.00,59.00,Zasebna ponudba
6055566,"FUŽINE, RUSJANOV TRG",132000.00,59.00,Mreža nepremiènin d.o.o.
5967390,"ÈRNUÈE, SPODNJE OKROGARJEVA 2",131020.00,63.84,LIN nepremiènine d.o.o.
6061030,ŠENTVID,131000.00,63.60,Real Go d.o.o.
6041132,TACEN,130000.00,93.50,"REMAX Vogal, Nepremièninska družba, d.o.o."
6015434,"LJ. ŠIŠKA, ALJAZEVA, PRILOZNOST ZA OBNOVO",130000.00,89.00,PREMIER NEPREMIÈNINE posredovanje d.o.o.
6056877,"LJ. ŠIŠKA, PODUTIK",130000.00,60.00,MESTO NEPREMIÈNIN d.o.o.
5902889,LJ. BEŽIGRAD,130000.00,64.00,"STANART d.o.o., PE LJUBLJANA"
6022575,"TACEN, ODLIÈNA, BLIZU AC, LPP",130000.00,52.76,"REMAX Vogal, Nepremièninska družba, d.o.o."
6021525,LJ. ŠIŠKA,130000.00,57.40,Zasebna ponudba
6055347,PODUTIK,130000.00,60.00,Zasebna ponudba
6052013,LJ. MOSTE,130000.00,68.20,Atrium nepremiènine d.o.o.
6056315,ŠTEPANJSKO NASELJE,129900.00,63.90,Rezidenca nepremiènine d.o.o.
6048692,"ŠTEPANJSKO NASELJE, MOSTE POLJE",129900.00,63.00,Zasebna ponudba
5464721,LJ. MOSTE,129000.00,62.00,"Komfort skupina d.o.o., nepremiènine"
6025133,"LJ. MOSTE, VODMAT",129000.00,53.40,LJUBLJANA NEPREMIÈNINE d.o.o.
6059021,VODMAT,129000.00,53.20,Rojal invest d.o.o.
6059106,"LJ. MOSTE, KODELJEVO",129000.00,47.52,MESTO NEPREMIÈNIN d.o.o.
6025508,LJ. CENTER,129000.00,76.50,"Dodoma d.o.o., PE Ljubljana"
6030502,ŠENTVID,129000.00,57.55,LGP d.o.o.
5967386,"ÈRNUÈE, SPODNJE OKROGARJEVA 2",128800.00,66.30,LIN nepremiènine d.o.o.
6050107,LJ. BEŽIGRAD,128000.00,44.70,"STAN nepremiènine d.o.o., Ljubljana"
6058655,LJ. BEŽIGRAD,128000.00,54.60,"STAN nepremiènine d.o.o., Ljubljana"
6043368,"LJ. BEŽIGRAD, BS3 REBOLJEVA",128000.00,60.60,Studio modul d.o.o.
6056328,"LJ. BEŽIGRAD, ULICA METODA MIKUŽA",128000.00,54.40,"Šardi&Co. nepremiènine, družba za posredovanje v prometu z nepremièninami, d.o.o."
5967383,"ÈRNUÈE, SPODNJE OKROGARJEVA 2",127580.00,63.91,LIN nepremiènine d.o.o.
5967387,"ÈRNUÈE, SPODNJE OKROGARJEVA 2",126970.00,61.97,LIN nepremiènine d.o.o.
6038701,"LJ. MOSTE, ROŽIÈEVA ULICA",125000.00,62.00,"Abstract nepremiènine, Igor Kerin s.p."
6017559,"LJ. ŠIŠKA, BROD",125000.00,52.80,MESTO NEPREMIÈNIN d.o.o.
6047464,"LJ. CENTER, VODMAT",125000.00,48.40,MESTO NEPREMIÈNIN d.o.o.
5871537,LJ. VIÈ,125000.00,33.50,LJUBLJANA NEPREMIÈNINE d.o.o.
6050891,"LJ. MOSTE, FUZINE",125000.00,69.00,"Komfort skupina d.o.o., nepremiènine"
6054379,"LJ. CENTER, BLIŽINA MEDICINSKE FAKULTETE",125000.00,53.40,"STAN nepremiènine d.o.o., Ljubljana"
6055678,LJ. VIÈ,125000.00,54.30,Neptun nepremiènine - Borut Vodopivec s.p.
5976853,"ŠENTVID, ZNIŽANA CENA",125000.00,80.80,PREMIER NEPREMIÈNINE posredovanje d.o.o.
6061140,"LJ. CENTER, VODMAT",125000.00,64.10,Feniks nepremiènine d.o.o.
6059589,LJ. VIÈ,125000.00,67.60,K 3 Kern d.o.o.
6024240,"VODMAT, LJ CENTER",125000.00,53.24,Zasebna ponudba
6053201,LJ. CENTER,125000.00,48.40,Mreža nepremiènin d.o.o.
6035729,"LJ. MOSTE, BLIZU ZELENE JAME",125000.00,66.00,ABC nepremiènine d.o.o.
6054657,"LJ. CENTER, VODMAT, BREZ PROVIZIJE ZA KUPCA",125000.00,53.42,"Agenti Celje, AŽ&MB Nerad d.o.o."
6057458,RUDNIK,125000.00,56.00,Mreža nepremiènin d.o.o.
6059721,"ROŽNA DOLINA, NASPROTI NASELJA GRBINA",124000.00,60.00,Mreža nepremiènin d.o.o.
6054215,LJ. ŠIŠKA,123600.00,74.50,"Stoja trade, d.o.o., Ljubljana"
6043961,"LJ. MOSTE, ULICA VIDE PREGARÈEVE 34",123000.00,102.00,DFI d.o.o.
6057327,"LJ. MOSTE, BLIZU ZDRAVSTVENEGA DOMA",122000.00,58.20,Borza nepremiènin d.o.o.
6030789,"LJ. MOSTE, ZALOG",120000.00,61.60,MESTO NEPREMIÈNIN d.o.o.
5595091,PODUTIK,120000.00,45.00,Nepremiènine Plus d.o.o.
6010833,"POLJE, ZAÈETEK POLJA, TIK CEZ OBVOZNICO",120000.00,67.50,REGROUP d.o.o.
6038623,LJ. CENTER,120000.00,45.90,LJUBLJANA NEPREMIÈNINE d.o.o.
6059943,"LJ. VIÈ, RUDNIK",120000.00,55.00,MESTO NEPREMIÈNIN d.o.o.
6060853,"SP. ŠIŠKA, Z VRTOM",120000.00,130.00,"Property d.o.o., PE Ljubljana"
6049378,"RUDNIK, LONDON",120000.00,55.00,Zasebna ponudba
6055209,RUDNIK,120000.00,56.70,"Stoja trade, d.o.o., Ljubljana"
6026150,"LJ. ŠIŠKA, ŠENTVID",119000.00,75.00,MESTO NEPREMIÈNIN d.o.o.
6052484,"LJ. ŠIŠKA, ŠENTVID - PRUŠNIKOVA",119000.00,80.76,AGAN d.o.o.
6055834,POLJE,119000.00,70.00,"Ornis, nepremiènine, zastopanje in svetovanje d.o.o."
6059136,"LJ. ŠIŠKA, ŠENTVID - PRUŠNIKOVA",119000.00,80.75,AGAN d.o.o.
6059143,"LJ. ŠIŠKA, ŠENTVID - PRUŠNIKOVA",119000.00,80.76,AGAN d.o.o.
6054311,"LJ. ŠIŠKA, DRAVLJE",119000.00,35.00,Rocco nepremiènine d.o.o.
5921468,"POLJE, ZA OBVOZNICO",119000.00,71.00,"Branik prvi d.o.o., nepremiènine bios"
6049691,"LJ. ŠIŠKA, CELOVŠKA 127",119000.00,40.00,SINEP družba za investiranje d.o.o.
6061373,"LJ. MOSTE, HERMANA POTOÈNIKA",119000.00,58.63,"Šardi&Co. nepremiènine, družba za posredovanje v prometu z nepremièninami, d.o.o."
6055248,"LJ. MOSTE, HERMANA POTOÈNIKA",119000.00,58.63,"Šardi&Co. nepremiènine, družba za posredovanje v prometu z nepremièninami, d.o.o."
6033159,ŠTEPANJSKO NASELJE,119000.00,65.00,Zasebna ponudba
6052194,"LJ. MOSTE, MIRNA LOKACIJA",119000.00,49.52,"RECONSULT d.o.o., PE RCN, RECONSULT NEPREMIÈNINE"
6061606,"LJ. BEŽIGRAD, SAVSKO NASELJE",119000.00,56.00,Zasebna ponudba
6032433,"LJ. MOSTE, ŠTEPANJSKO NASELJE",118000.00,47.70,Studio modul d.o.o.
6048968,"LJ. ŠIŠKA, BLIŽINA ŠIŠENSKEGA HRIBA, MOSTECA",118000.00,47.00,ALEA nepremièninska družba d.o.o.
6010475,"TACEN, TACENSKA CESTA",118000.00,36.00,Zasebna ponudba
6059665,"LJ. ŠIŠKA, ŠENTVID",117000.00,41.20,MESTO NEPREMIÈNIN d.o.o.
6061151,"LJ. ŠIŠKA, ANDREAŠEVA",117000.00,40.00,Zasebna ponudba
6051485,"LJ. ŠIŠKA, BLIŽINA MOSTECA",116000.00,48.10,"STAN nepremiènine d.o.o., Ljubljana"
6050472,LJ. ŠIŠKA,116000.00,48.10,Eventum d.o.o.
6040759,"LJ. ŠIŠKA, CELOVŠKA CESTA",115000.00,35.20,Rojal invest d.o.o.
5984075,"TRNOVO, SREBRNIÈEVA",115000.00,79.00,Svet RE d.o.o.
6052111,"LJ. ŠIŠKA, SPODNJA",115000.00,39.90,MESTO NEPREMIÈNIN d.o.o.
6051699,LJ. ŠIŠKA,115000.00,45.60,Eventum d.o.o.
6011206,"LJ. VIÈ, ZGORNJI, NEPOPLAVNI DEL VIÈA",115000.00,52.90,"STANART d.o.o., PE LJUBLJANA"
6053082,LJ. MOSTE,115000.00,63.30,Mernet d.o.o.
6059619,"POLJE, ZALOŠKA CESTA 186",115000.00,51.70,EvroN d.o.o.
6059761,"LJ. VIÈ, IG - ZAGORICA",115000.00,60.20,"Nepremièninska agencija ""TLORIS"" Miro Toriæ s.p., Poslovna enota"
6059554,"LJ. ŠIŠKA, BROD",115000.00,44.31,MESTO NEPREMIÈNIN d.o.o.
6059161,"LJ. ŠIŠKA, TERASA",115000.00,40.00,ALEA nepremièninska družba d.o.o.
6060059,ÈRNUÈE,115000.00,39.80,MP PROJEKT d.o.o.
6060590,"LJ. BEŽIGRAD, ÈRNUÈE",115000.00,36.60,MESTO NEPREMIÈNIN d.o.o.
6060775,"LJ. ŠIŠKA, MOSTEC",115000.00,90.00,UgodNepremicnine - Vehar Sebastjan s.p.
5820096,"LJ. CENTER, BOHORIÈEVA UL. 17",115000.00,31.23,"Dominos d.o.o., PE Ljubljana"
6057184,"RUDNIK, OB DOLENJSKI CESTI BLIZU CENTRA",115000.00,63.70,Zasebna ponudba
5970259,"LJ. BEŽIGRAD, ÈRTOMIROVA ULICA",115000.00,48.00,Zasebna ponudba
6059551,"ÈRNUÈE, SAVSKI BREG",115000.00,39.82,Zasebna ponudba
6058605,"TACEN, TACENSKI DVORI",115000.00,38.50,Zasebna ponudba
6045818,ZALOG,115000.00,53.50,ABC nepremiènine d.o.o.
6056474,"LJ. ŠIŠKA, PILONOVA SOSESKA",113000.00,45.00,Blok d.o.o.
6059545,"LJ. ŠIŠKA, ZGONJA, BLIŽINA LPP",113000.00,45.00,Rojal invest d.o.o.
6058646,VRHOVCI,113000.00,54.00,REGROUP d.o.o.
6055867,"LJ. CENTER, DALMATINOVA ULICA 10, BREZ PROVIZIJE ZA KUPCA",113000.00,32.10,"Agenti Celje, AŽ&MB Nerad d.o.o."
6058127,"ZG. ŠIŠKA, ŠIŠENSKA CESTA",113000.00,50.00,Mreža nepremiènin d.o.o.
6060553,ZALOG,111800.00,43.00,Zasebna ponudba
6042357,STOŽICE,110000.00,44.70,Domplan d.d.
6012027,LJ. BEŽIGRAD,110000.00,44.70,"MP PROJEKT, d.o.o., PE Ljubljana"
6039786,"LJ. ŠIŠKA, GRUDNOVA",110000.00,76.30,Svet RE d.o.o.
6048756,"LJ. BEŽIGRAD, VODOVODNA CESTA",110000.00,54.00,Mikljiè-Hribar Company d.o.o.
6055688,POLJE,110000.00,49.00,Roni nepremiènine d.o.o.
6059048,LJ. BEŽIGRAD,110000.00,33.90,"Livo d.o.o., PE nepremièninsko posredovanje"
6059663,PODUTIK,110000.00,45.30,"MP PROJEKT, d.o.o., PE Ljubljana"
6059582,"DRAVLJE, ŠIŠKA",110000.00,45.00,"REMAX Vogal, Nepremièninska družba, d.o.o."
6059664,"LJ. ŠIŠKA, SOSESKA PILON",110000.00,45.00,ALEA nepremièninska družba d.o.o.
6059839,"LJ. ŠIŠKA, PODUTIK",110000.00,42.30,MESTO NEPREMIÈNIN d.o.o.
6059860,LJ. ŠIŠKA,110000.00,44.40,Aladin inženiring d.o.o.
6059844,LJ. ŠIŠKA,110000.00,38.00,ALEA nepremièninska družba d.o.o.
6059875,"LJ. BEŽIGRAD, BS4",110000.00,44.70,"Livo d.o.o., PE nepremièninsko posredovanje"
6060326,"LJ. ŠIŠKA, ZGORNJA",110000.00,33.80,LJUBLJANA NEPREMIÈNINE d.o.o.
6060720,"LJ. ŠIŠKA, PODUTIK",110000.00,45.30,LJUBLJANA NEPREMIÈNINE d.o.o.
6059764,"LJ. BEŽIGRAD, ŽUPANÈIÈEVA JAMA",110000.00,45.00,Zasebna ponudba
5793489,LJ. CENTER,110000.00,67.00,Zasebna ponudba
6058904,"SAVSKO NASELJE, LJ. BEŽIGRAD",110000.00,40.00,Zasebna ponudba
6033172,"ZG. ŠIŠKA, CELOVŠKA CESTA",110000.00,36.00,Zasebna ponudba
6010408,"LJ. BEŽIGRAD, DUNAJSKA CESTA, STOŽICE",110000.00,45.00,Zasebna ponudba
6044816,LJ. BEŽIGRAD,110000.00,42.00,Zasebna ponudba
6058887,"PODUTIK, DRAVLJE, GLINCE",110000.00,45.00,Zasebna ponudba
6059715,"PODUTIK, PILON",110000.00,45.50,Mreža nepremiènin d.o.o.
6054680,"LJ. BEŽIGRAD, BREZ PROVIZIJE ZA KUPCA",110000.00,44.00,"Agenti Celje, AŽ&MB Nerad d.o.o."
6060529,"LJ. BEŽIGRAD, SAVSKO NASELJE, BREZ PROVIZIJE ZA KUPCA",110000.00,40.00,"Agenti Celje, AŽ&MB Nerad d.o.o."
6058368,"ZG. ŠIŠKA, VODNIKOVA ULICA",110000.00,44.00,Mreža nepremiènin d.o.o.
6047832,"LJ. ŠIŠKA, GOTSKA",109950.00,36.60,Pun nepremiènine d.o.o.
6021526,VIŽMARJE,109900.00,60.00,Zasebna ponudba
6055467,"LJ. CENTER, VODMAT",109500.00,50.00,MESTO NEPREMIÈNIN d.o.o.
6046125,LJ. ŠIŠKA,109000.00,36.00,Neptun nepremiènine - Borut Vodopivec s.p.
6049610,"LJ. ŠIŠKA, KINO",109000.00,33.80,MESTO NEPREMIÈNIN d.o.o.
6059017,"LJ. ŠIŠKA, BLIŽINA KINA",109000.00,35.20,Rojal invest d.o.o.
6057107,"TRNOVO, LJ. - KOSESKEGA",109000.00,37.00,"Neo nepremiènine, Stanislav Osenar s.p."
6049715,ZG. ŠIŠKA,109000.00,33.70,Sonce skupina d.o.o.
6052002,"LJ. MOSTE, VEVÈE",108000.00,46.60,Studio modul d.o.o.
6045036,"LJ. VIÈ, NASPROTI CENTRA MURGLE",108000.00,46.86,Zasebna ponudba
6054792,"LJ. VIÈ, TRNOVSKO PREDMESTJE",108000.00,44.40,"Stoja trade, d.o.o., Ljubljana"
5797964,BROD,107000.00,45.82,"REMAX Vogal, Nepremièninska družba, d.o.o."
6061566,"FUŽINE, ARCHINETOVA",107000.00,38.10,Feniks nepremiènine d.o.o.
6054563,"FUŽINE, ATRIJ",107000.00,38.10,Zasebna ponudba
5994751,"TOMAÈEVO, BTC BEŽIGRAD",107000.00,150.00,Zasebna ponudba
6057910,"LJ. BEŽIGRAD, BS 3",106000.00,46.00,Mernet d.o.o.
6050179,LJ. CENTER,105000.00,27.00,Vizija Mojca Poglajen s.p.
6055199,LJ. ŠIŠKA,105000.00,43.50,MESTO NEPREMIÈNIN d.o.o.
6055572,"LJ. ŠIŠKA, PRI KOSEŠKI TRŽNICI",105000.00,44.00,ALEA nepremièninska družba d.o.o.
5797957,"BROD, TACENSKE BRZICE",105000.00,45.82,"REMAX Vogal, Nepremièninska družba, d.o.o."
5786406,TACEN,105000.00,58.29,"REMAX Vogal, Nepremièninska družba, d.o.o."
5929561,ÈRNUÈE,105000.00,38.00,DVOREC POSREDNIŠKA HIŠA d.o.o.
6060659,"LJ. CENTER, MED TROMOSTOVJEM IN TIVOLIJEM",105000.00,37.60,Zasebna ponudba
6044826,LJ. CENTER,105000.00,27.00,Zasebna ponudba
6054839,"LJ. ŠIŠKA, ADAMIÈEVA",105000.00,42.00,Zasebna ponudba
6049966,"LJ. VIÈ, BONIFACIJA",105000.00,65.00,Zasebna ponudba
6050855,LJ. VIÈ,105000.00,65.50,Atrium nepremiènine d.o.o.
6055521,"LJ. ŠIŠKA, ADAMIÈEVA ULICA",105000.00,46.00,Mreža nepremiènin d.o.o.
6059911,ÈRNUÈE,105000.00,39.30,ABC nepremiènine d.o.o.
6055564,BS 3,105000.00,45.90,Mreža nepremiènin d.o.o.
6049571,"LJ. BEŽIGRAD, ÈRNUÈE",104900.00,44.40,MESTO NEPREMIÈNIN d.o.o.
6059000,ÈRNUÈE,104900.00,46.60,Rojal invest d.o.o.
6061560,ÈRNUÈE,104900.00,44.40,Feniks nepremiènine d.o.o.
5986682,ÈRNUÈE,104900.00,44.40,Zasebna ponudba
6051535,ÈRNUÈE,104900.00,45.00,Mreža nepremiènin d.o.o.
6054676,"ÈRNUÈE, KUPEC NE PLAÈA PROVIZIJE",104900.00,46.60,"Agenti Celje, AŽ&MB Nerad d.o.o."
6035352,"LJ. VIÈ, ANTONOV TRG",100000.00,37.57,Pun nepremiènine d.o.o.
6033622,"LJ. BEŽIGRAD, LINHARTOVA CESTA",100000.00,68.20,"Abstract nepremiènine, Igor Kerin s.p."
5598092,VEVÈE,100000.00,80.50,D5 invest d.o.o.
6010372,"LJ. VIÈ, TRŽAŠKA CESTA",100000.00,35.00,Zasebna ponudba
6053088,LJ. ŠIŠKA,100000.00,56.70,"Stoja trade, d.o.o., Ljubljana"
6039320,"LJ. MOSTE, BLIŽINA UKC",99000.00,47.00,Pogodba nepremiènine in pravno svetovanje d.o.o.
6029758,"LJ. ŠIŠKA, ALEŠOVÈEVA ULICA",99000.00,71.20,Rojal invest d.o.o.
6051928,"LJ. BEŽIGRAD, BS3",99000.00,40.00,MESTO NEPREMIÈNIN d.o.o.
6056870,LJ. BEŽIGRAD,99000.00,52.00,MESTO NEPREMIÈNIN d.o.o.
6059838,LJ. ŠIŠKA,99000.00,54.00,Roni nepremiènine d.o.o.
6058135,LJ. ŠIŠKA,99000.00,66.00,Eventum d.o.o.
6011790,VIŽMARJE,99000.00,43.60,Zasebna ponudba
6011278,"LJ. ŠIŠKA, ZGORNJA",98500.00,41.30,MESTO NEPREMIÈNIN d.o.o.
6057764,VEVÈE,98000.00,58.20,Viping d.o.o.
6060804,"LJ. BEŽIGRAD, BRATOVŠEVA PLOŠÈAD",98000.00,41.00,REGROUP d.o.o.
6045453,"LJ. CENTER, BEETHOVNOVA ULICA, POLKLETNO",98000.00,63.00,Zasebna ponudba
6053699,LJ. ŠIŠKA,96700.00,51.80,"Stoja trade, d.o.o., Ljubljana"
6059818,"LJ. BEŽIGRAD, PARMOVA CESTA",96000.00,52.90,ARS-T d.o.o.
6056424,LJ. BEŽIGRAD,96000.00,52.00,Mreža nepremiènin d.o.o.
6060314,"LJ. MOSTE, ŠTEPANJSKO NASELJE",94900.00,40.80,Feniks nepremiènine d.o.o.
6016590,"LJ. MOSTE, ZALOG",94000.00,53.30,Lares nepremièninska družba d.o.o.
6058170,"ÈRNUŠKA GMAJNA, POLANŠKOVA ULICA",94000.00,44.40,Zasebna ponudba
6010176,"LJ. MOSTE, ŠTEPANJSKO NASELJE",92000.00,37.43,MESTO NEPREMIÈNIN d.o.o.
6046169,"TRNOVO, TRNOVSKI PRISTAN",92000.00,35.00,Zasebna ponudba
6054557,ÈRNUÈE,92000.00,35.40,Zasebna ponudba
6060672,"LJ. BEŽIGRAD, DUNAJSKA CESTA 113",91800.00,36.00,Borza nepremiènin d.o.o.
5914852,"LJ. ŠIŠKA, ZGORNJA",91000.00,91.00,LJUBLJANA NEPREMIÈNINE d.o.o.
6043043,"LJ. MOSTE, ZALOŠKA CESTA",90000.00,50.00,Kristal nepremiènine d.o.o.
6055731,ÈRNUÈE,90000.00,58.00,Roni nepremiènine d.o.o.
6054057,LJ. ŠIŠKA,90000.00,38.10,"STAN nepremiènine d.o.o., Ljubljana"
6040067,"LJ. ŠIŠKA, TUGOMERJEVA",90000.00,38.10,"Vifras d.o.o., nepremiènine"
6058100,LJ. BEŽIGRAD,90000.00,36.40,MESTO NEPREMIÈNIN d.o.o.
6058870,"LJ. BEŽIGRAD, ODLICNA LOKACIJA",90000.00,38.00,"MA - nepremièninska družba, Marko Aliè s.p."
6059059,"LJ. BEŽIGRAD, ÈRTOMIROVA UL.",90000.00,37.80,Svet RE d.o.o.
5962792,"BROD, ODLIÈNA LOKACIJA",90000.00,46.72,"REMAX Vogal, Nepremièninska družba, d.o.o."
6061094,LJ. ŠIŠKA,90000.00,38.10,"Nepremiènine M8, Lea Kavaliè s.p."
6054533,"SAVSKO NASELJE, BEŽIGRAD",90000.00,32.00,Zasebna ponudba
6058379,"LJ. MOSTE, ZADOBROVA, CESTA NA JEŽAH",90000.00,63.00,Zasebna ponudba
6036552,"LJ. ŠIŠKA, TRG KOMANDANTA STANETA",90000.00,33.40,ABC nepremiènine d.o.o.
6044011,"LJ. BEŽIGRAD, ÈRNUÈE",89000.00,42.00,ALEA nepremièninska družba d.o.o.
6047326,ŠMARTNO POD ŠMARNO GORO,89000.00,55.00,MESTO NEPREMIÈNIN d.o.o.
5910432,LJ. CENTER,89000.00,36.00,HIP KA d.o.o.
6050425,"LJ. CENTER, PRULE",89000.00,32.70,"STAN nepremiènine d.o.o., Ljubljana"
6052177,"LJ. ŠIŠKA, - SPODNJA",89000.00,25.90,MESTO NEPREMIÈNIN d.o.o.
6053809,"LJ. CENTER, NASPROTI RTV",89000.00,24.00,Arcimboldo d.o.o.
6056862,LJ. MOSTE,89000.00,30.20,MESTO NEPREMIÈNIN d.o.o.
6057017,"LJ. BEŽIGRAD, ÈRTOMIROVA ULICA",89000.00,38.00,Zasebna ponudba
6057008,"LJ. VIÈ, POKLUKARJEVA",89000.00,42.80,ABC nepremiènine d.o.o.
6048442,"LJ. ŠIŠKA, NA JAMI",89000.00,26.80,ABC nepremiènine d.o.o.
6054633,"TACEN, ŠMARTNO, BREZ PROVIZIJE ZA KUPCA",89000.00,68.00,"Agenti Celje, AŽ&MB Nerad d.o.o."
6053666,"LJ. ŠIŠKA, ULICA BRATOV BABNIK",88900.00,31.00,Zasebna ponudba
5967393,"ÈRNUÈE, SPODNJE OKROGARJEVA 2",88130.00,41.79,LIN nepremiènine d.o.o.
6056964,"ZG. ŠIŠKA, NA JAMI",88000.00,46.00,Blok 5 d.o.o.
5967396,"ÈRNUÈE, SPODNJE OKROGARJEVA 2",87770.00,40.82,LIN nepremiènine d.o.o.
6051163,"LJ. VIÈ, RUDNIK",87000.00,41.90,"STAN nepremiènine d.o.o., Ljubljana"
6061340,"LJ. VIÈ, IŽANSKA CESTA",87000.00,55.80,"Nepremièninska agencija ""TLORIS"" Miro Toriæ s.p., Poslovna enota"
6034519,VODMAT,87000.00,35.00,Zasebna ponudba
5898257,ROŽNA DOLINA,86000.00,43.60,"Branik prvi d.o.o., nepremiènine bios"
6060679,SOSTRO,86000.00,55.00,Zasebna ponudba
5924595,"LJ. MOSTE, ZALOG",85600.00,40.00,"Branik prvi d.o.o., nepremiènine bios"
5915263,ZALOG,85600.00,40.00,"Branik prvi d.o.o., nepremiènine bios"
6043946,"LJ. MOSTE, FUŽINE",85000.00,33.60,EvroN d.o.o.
6038663,LJ. CENTER,85000.00,30.37,Re-Domus nepremièninska družba d.o.o.
5990733,DOBRUNJE,85000.00,52.30,DVOREC POSREDNIŠKA HIŠA d.o.o.
6054091,"LJ. ŠIŠKA, CELOVŠKI DVORI",85000.00,46.00,Zasebna ponudba
6059832,DRAVLJE,84500.00,32.50,"MP PROJEKT, d.o.o., PE Ljubljana"
6058626,"DRAVLJE, CELOVŠKA",84500.00,32.00,Zasebna ponudba
6060424,DRAVLJE,84500.00,32.00,Mreža nepremiènin d.o.o.
6058608,"ZG. ŠIŠKA, LJ. BRILEJEVA",84000.00,29.38,Zasebna ponudba
6061108,"VODMAT, BLIZU KLINIÈNEGA CENTRA",84000.00,25.00,Zasebna ponudba
6035292,"LJ. MOSTE, POLJE - SNEBERJE",83000.00,41.30,"Livo d.o.o., PE nepremièninsko posredovanje"
6022819,"RUDNIK, DOLENJSKA CESTA",82000.00,85.00,Rojal invest d.o.o.
6015435,LJ. ŠIŠKA,82000.00,40.00,Agencija Jakkra-n d.o.o.
6058513,TRNOVO,82000.00,40.00,LJUBLJANA NEPREMIÈNINE d.o.o.
6054304,"LJ. ŠIŠKA, VODNIKOVA CESTA 259",82000.00,25.00,Zasebna ponudba
6042487,"LJ. CENTER, STRELIŠKA ULICA 1 A",82000.00,28.69,Zasebna ponudba
6055876,"DRAVLJE, NASPROTI MERCATOR CENTRA ŠIŠKA",82000.00,31.00,Zasebna ponudba
6057110,LJ. VIÈ,81000.00,27.00,Zasebna ponudba
6054932,POLJE,81000.00,30.00,Zasebna ponudba
6038854,"LJ. MOSTE, V BLIŽINI KLINIÈNEGA CENTRA",79500.00,74.95,Makra as Marko Krajner s.p.
6054771,LJ. ŠIŠKA,79500.00,36.60,"Stoja trade, d.o.o., Ljubljana"
6025792,"LJ. MOSTE, ŠTEP. NASELJE, JAKÈEVA ULICA",79000.00,28.80,"Visa d.o.o., Ljubljana"
5991810,"LJ. ŠIŠKA, KOSEZE - TERASASTI BLOKI",79000.00,33.10,Akcent d.o.o. Ljubljana
5941263,"LJ. ŠIŠKA, KOSEZE, TERASASTI BLOKI",79000.00,33.10,Akcent d.o.o. Ljubljana
6059962,"LJ. BEŽIGRAD, NASPROTI FAKULTET",79000.00,26.00,ALEA nepremièninska družba d.o.o.
6057417,"BRINJE, BEŽIGRAD",79000.00,25.00,Zasebna ponudba
6016440,POLJE,78000.00,39.30,Zasebna ponudba
6060661,"POLJE, CESTA XII/2",78000.00,29.50,Zasebna ponudba
6035237,"LJ. ŠIŠKA, CELOVŠKA CESTA",77000.00,28.00,Agencija Jakkra-n d.o.o.
6041038,"LJ. MOSTE, ŠTEPANJSKO NASELJE",77000.00,27.00,PAK INVEST d.o.o.
6048318,"LJ. MOSTE, ŠTEPANJSKO NASELJE",77000.00,27.00,PAK INVEST d.o.o.
6060319,"LJ. ŠIŠKA, CELOVŠKA CESTA",75000.00,26.90,Rojal invest d.o.o.
6060020,"BRINJE, BEŽIGRAD",75000.00,26.00,Zasebna ponudba
6041722,NOVE FUŽINE,74000.00,30.24,Zasebna ponudba
6056984,"LJ. MOSTE, POLJE",73000.00,29.00,MESTO NEPREMIÈNIN d.o.o.
6053916,"ŠTEPANJSKO NASELJE, BLIŽINA VRTCA OTONA ZUPANÈIÈA",73000.00,26.60,"Stoja trade, d.o.o., Ljubljana"
6059181,POLJE,73000.00,30.00,Mreža nepremiènin d.o.o.
6049878,"LJ. ŠIŠKA, VIŽMARJE",72500.00,39.00,Svet RE d.o.o.
5995936,"LJ. ŠIŠKA, TACEN",72000.00,55.30,MESTO NEPREMIÈNIN d.o.o.
6059257,"LJ. MOSTE, POLJE, CESTA VI/10",71000.00,30.00,Vizija Mojca Poglajen s.p.
6058946,POLJE,71000.00,30.00,Zasebna ponudba
6058342,"ÈRNUÈE, SPODNJE",70000.00,25.00,Zasebna ponudba
5417407,VEVÈE,69000.00,25.00,"Komfort skupina d.o.o., nepremiènine"
6054776,LJ. ŠIŠKA,68200.00,26.90,"Stoja trade, d.o.o., Ljubljana"
6053698,LJ. ŠIŠKA,68200.00,26.90,"Stoja trade, d.o.o., Ljubljana"
6033485,"LJ. ŠIŠKA, ANDREAŠEVA ULICA 8",68000.00,26.40,Zasebna ponudba
6035718,"LJ. ŠIŠKA, ANDREAŠEVA",68000.00,26.00,ABC nepremiènine d.o.o.
6061242,"LJ. CENTER, KOLODVORSKA",68000.00,24.10,ABC nepremiènine d.o.o.
6019194,"KOSEZE, PODUTIŠKA CESTA",67000.00,33.00,APN d.o.o.
6056472,"LJ. CENTER, KOMENSKEGA",67000.00,24.00,ABC nepremiènine d.o.o.
6049768,LJ. ŠIŠKA,65000.00,26.60,"REMAX Vogal, Nepremièninska družba, d.o.o."
6059891,LJ. ŠIŠKA,65000.00,26.50,"Livo d.o.o., PE nepremièninsko posredovanje"
6047362,SP. ŠIŠKA,65000.00,26.60,Zasebna ponudba
6012237,LJ. MOSTE,64000.00,34.00,"Visa d.o.o., Ljubljana"
6059132,"LJ. ŠIŠKA, ZAÈETEK VODNIKOVE",63900.00,20.50,AGAN d.o.o.
6054774,LJ. ŠIŠKA,62600.00,24.70,"Stoja trade, d.o.o., Ljubljana"
6053695,LJ. ŠIŠKA,61900.00,26.40,"Stoja trade, d.o.o., Ljubljana"
6054773,LJ. ŠIŠKA,61700.00,26.40,"Stoja trade, d.o.o., Ljubljana"
6019394,ÈRNUÈE,60000.00,27.50,"Nepremiènine KLEMENÈIÈ, Borut Klemenèiè Hoèevar s.p."
6044374,"LJ. MOSTE, ZALOG",59500.00,33.60,Zasebna ponudba
6039554,"LJ. ŠIŠKA, GRUDNOVA",59000.00,34.70,Svet RE d.o.o.
5932572,"LJ. MOSTE, DOBRUNJE, JAVOR",59000.00,38.00,Mikljiè-Hribar Company d.o.o.
6057037,"LJ. MOSTE, ŠTEPANJSKO NASELJE, STELETOVA",58000.00,22.00,Agencija Jakkra-n d.o.o.
6027327,DRAVLJE,47000.00,21.50,"REMAX Vogal, Nepremièninska družba, d.o.o."
6055450,"POLJANE, POLJANSKA 54",46000.00,37.30,Raiffeisenbank Eberndorf reg. Gen.m.b.H.
6058118,DRAVLJE,45000.00,19.20,"MA - nepremièninska družba, Marko Aliè s.p."
6052399,"DRAVLJE, CELOVŠKA CESTA BIVŠI HOTEL LIPA",45000.00,19.20,Zasebna ponudba
6061600,LJ. ŠIŠKA,45000.00,32.80,LGP d.o.o.
6050086,LJ. ŠIŠKA,42000.00,20.50,DVOREC POSREDNIŠKA HIŠA d.o.o.
6029756,"LJ. ŠIŠKA, ALEŠOVÈEVA ULICA",37000.00,19.70,Rojal invest d.o.o.
6054902,POLJE,33000.00,39.00,Zasebna ponudba
6051293,"RUDNIK, VIÈ, IŽANSKA CESTA, ""VIÈ",32000.00,8.00,Zasebna ponudba
6046985,LJ. MOSTE,28000.00,14.00,Zasebna ponudba
6053946,LJ. MOSTE,22000.00,10.00,Zasebna ponudba
6056847,"LJ. CENTER, PARK TIVOLI",18000.00,8.00,Zasebna ponudba
6026366,"LJ. ŠIŠKA, ALEŠOVÈEVA ULICA",16000.00,7.30,Rojal invest d.o.o.
